7873704133096;Brandon Rodriguez
2900366393254;Judy Butler
2154690093296;Eugene Harris
2014178458133;Matthew Wright
9190981995748;Jennifer Smith
1947869641893;Maria Phillips
1888889207583;Amanda Young
8269915985978;Jean White
3493951619965;Elizabeth Wood
8199330672238;Deborah King
6580034404346;Sharon Robinson
4517667900280;Annie Nelson
7871302866703;Susan Patterson
5113357257539;Victor Adams
6970010021732;Patrick Bennett
8487865373126;Norma Morris
5097830380220;Raymond Thompson
9481927063354;Sarah Howard
4796232454940;Paula Bryant
7930561690791;Martin Cox
6384406744813;Cheryl Gonzales
7079872980640;Helen Thomas
9367377754561;Anthony Torres
1265620725669;Louise Evans
8523389616064;Andrew Peterson
7486468491835;Nicholas Foster
7898172511695;Gregory Hall
6649004679093;Frank Murphy
8036107900606;Lisa Ward
5103041418768;Stephen Lewis
1297124849470;Julia Hughes
9354008401243;Sean Russell
8964051471268;Margaret Jones
5086740937468;Marie Alexander
3355672943968;Jason Brooks
3562292790168;Todd Long
4440327908990;Dennis Watson
7113958774803;Paul Bell
9386381791522;Eric Reed
5626567149565;Janice Simmons
6803860777284;Harold Cook
3833054809888;Jerry Rivera
4284422141589;Karen Davis
5036254324425;Beverly Garcia
1456146889898;Gloria Bailey
1691277975532;Kelly Washington
2527605930402;Lawrence Ramirez
4687592692829;Diana Flores
2879948596492;Tammy Campbell
8624913843641;Doris Brown
5438613437052;Peter Turner
2056947615576;George Parker
1272596167115;Carl Johnson
9493183371337;Kevin James
9739387436047;Cynthia Stewart
9113915772553;Douglas Rogers
9577648679628;Scott Walker
9287613070765;Joshua Ross
6459410171381;Jeremy Gray
9620170749840;Kathleen Perry
5154833071326;Wayne Perez
3305312283174;Justin Taylor
1815868636965;Juan Powell
5961558976082;Walter Edwards
2190873926789;Sara Diaz
7919833471291;Billy Collins
9762981431224;Evelyn Barnes
6539712798213;Irene Jackson
4392317787481;Ernest Lopez
6080987054366;Pamela Griffin
4398269491566;Anne Sanchez
9748812433852;Keith Allen
9297822916193;Jonathan Williams
8571183184080;Randy Kelly
4495485871674;Samuel Martin
9916518734509;Angela Hill
5403793626483;David Mitchell
9075252451089;Bobby Carter
9354041594857;Christina Hernandez
1350846433386;Chris Anderson
8062574237344;Theresa Clark
9072494503568;Lillian Miller
2298313103153;Catherine Moore
5234235980300;James Baker
7335277235943;Daniel Cooper
5682281746811;Mildred Sanders
9539339931107;Shawn Wilson
2678093232510;Howard Scott
2900570729938;Virginia Jenkins
6679822796028;Jeffrey Roberts
8043891520855;Carolyn Martinez
1299991226488;Phillip Gonzalez
8372796954960;Kimberly Lee
8301614833807;Aaron Morgan
5197510917651;Michael Green
8401996150047;Albert Richardson
1917991429396;Harry Price
1579315586019;Linda Coleman
5827350595715;Mary Henderson
1291121033861;Stephanie
